participant_id,started_at,finished_at,pre_ai_use_freq,pre_used_ai_refs,pre_detect_unreliable,pre_trust_ai_sourcing,pre_check_citations,pre_know_confident_vs_correct,pre_heard_four_states,q1_user,q1_expected,q1_distance,q2_user,q2_expected,q2_distance,q3_user,q3_expected,q3_distance,q4_user,q4_expected,q4_distance,q5_user,q5_expected,q5_distance,q6_user,q6_expected,q6_distance,q7_user,q7_expected,q7_distance,q8_user,q8_expected,q8_distance,q9_user,q9_expected,q9_distance,q10_user,q10_expected,q10_distance,module_correct,post_detect_unreliable,post_trust_ai_sourcing,post_check_citations,post_know_confident_vs_correct,post_wahm_comprehension,post_nondeterminism_comprehension,post_verify_likelihood,post_fatwa_scenario,post_module_helped,post_module_relevant,post_stayed_with_you,post_surprised
UIA-20260923-5B76,2026-09-23T04:55:27.642Z,2026-09-23T05:08:24.144Z,day,yes,4,3,5,3,never,yaqeen,yaqeen,0,yaqeen,yaqeen,0,shak,zann,1,zann,zann,0,shak,zann,1,zann,wahm,2,shak,shak,0,zann,shak,1,zann,wahm,2,yaqeen,zann,1,4,3,2,5,4,B,B,4,skip,4,4,The one that tells me that it's wahm when i thought it's zahn. Illusion is when they fabricate things,That they may not be consistent
UIA-20260928-C142,2026-09-28T04:14:39.185Z,2026-09-28T04:22:58.177Z,week,once,3,3,4,3,never,zann,yaqeen,1,yaqeen,yaqeen,0,zann,zann,0,zann,zann,0,zann,zann,0,yaqeen,wahm,3,wahm,shak,2,shak,shak,0,yaqeen,wahm,3,zann,zann,0,6,3,3,3,3,C,B,3,verify,3,5,"Ulek Mayang, because the answer is same",The limit of ai itself
UIA-20260928-EEEE,2026-09-28T04:15:18.690Z,2026-09-28T04:24:57.894Z,week,once,4,2,4,4,never,yaqeen,yaqeen,0,yaqeen,yaqeen,0,yaqeen,zann,1,shak,zann,1,zann,zann,0,zann,wahm,2,wahm,shak,2,shak,shak,0,shak,wahm,2,yaqeen,zann,1,4,4,3,4,4,B,B,2,verify,4,5,The question ghat stated about mukbang,How AI can give an answers that is corresponds with the scholars
UIA-20260928-DC94,2026-09-28T04:14:22.174Z,2026-09-28T04:27:42.153Z,week,once,3,3,4,3,never,yaqeen,yaqeen,0,shak,yaqeen,2,zann,zann,0,zann,zann,0,zann,zann,0,zann,wahm,2,zann,shak,1,yaqeen,shak,2,shak,wahm,2,wahm,zann,2,4,4,4,5,5,C,B,5,verify,5,4,yoga,different answer
UIA-20260928-DC94,2026-09-28T04:14:22.174Z,2026-09-28T04:27:42.153Z,week,once,3,3,4,3,never,yaqeen,yaqeen,0,shak,yaqeen,2,zann,zann,0,zann,zann,0,zann,zann,0,zann,wahm,2,zann,shak,1,yaqeen,shak,2,shak,wahm,2,wahm,zann,2,4,4,4,5,5,C,B,5,verify,5,4,yoga,different answer
UIA-20260928-A91A,2026-09-28T04:14:34.647Z,2026-09-28T04:29:45.310Z,week,once,3,4,4,4,all_four,yaqeen,yaqeen,0,yaqeen,yaqeen,0,shak,zann,1,yaqeen,zann,1,yaqeen,zann,1,yaqeen,wahm,3,wahm,shak,2,zann,shak,1,shak,wahm,2,yaqeen,zann,1,2,3,3,5,3,B,B,5,skip,5,5,Rain Rave,We can’t believe AI 100%
UIA-20260928-A91A,2026-09-28T04:14:34.647Z,2026-09-28T04:29:45.310Z,week,once,3,4,4,4,all_four,yaqeen,yaqeen,0,yaqeen,yaqeen,0,shak,zann,1,yaqeen,zann,1,yaqeen,zann,1,yaqeen,wahm,3,wahm,shak,2,zann,shak,1,shak,wahm,2,yaqeen,zann,1,2,3,3,5,3,B,B,5,skip,5,5,Rain Rave,We can’t believe AI 100%
UIA-20260928-A91A,2026-09-28T04:14:34.647Z,2026-09-28T04:29:45.310Z,week,once,3,4,4,4,all_four,yaqeen,yaqeen,0,yaqeen,yaqeen,0,shak,zann,1,yaqeen,zann,1,yaqeen,zann,1,yaqeen,wahm,3,wahm,shak,2,zann,shak,1,shak,wahm,2,yaqeen,zann,1,2,3,3,5,3,B,B,5,skip,5,5,Rain Rave,We can’t believe AI 100%
UIA-20260928-9A8A,2026-09-28T04:04:13.954Z,2026-09-28T04:32:42.463Z,day,unsure,4,2,5,3,never,zann,yaqeen,1,yaqeen,yaqeen,0,zann,zann,0,zann,zann,0,zann,zann,0,shak,wahm,2,yaqeen,shak,2,shak,shak,0,wahm,wahm,0,zann,zann,0,7,4,2,5,2,C,B,5,skip,4,5,"The question regarding the fatwa because the bot made up a nonexistent statement. Hence, showing that rechecking is absolutely necessary after each responses from AI.","It wrote down responses confidently so it is undetectable whether the data they present are legitimate or false. Whether it is yaqin or wahm, if they were not run three times, I doubt I would have noticed any difference."
UIA-20260928-9A8A,2026-09-28T04:04:13.954Z,2026-09-28T04:32:42.463Z,day,unsure,4,2,5,3,never,zann,yaqeen,1,yaqeen,yaqeen,0,zann,zann,0,zann,zann,0,zann,zann,0,shak,wahm,2,yaqeen,shak,2,shak,shak,0,wahm,wahm,0,zann,zann,0,7,4,2,5,2,C,B,5,skip,4,5,"The question regarding the fatwa because the bot made up a nonexistent statement. Hence, showing that rechecking is absolutely necessary after each responses from AI.","It wrote down responses confidently so it is undetectable whether the data they present are legitimate or false. Whether it is yaqin or wahm, if they were not run three times, I doubt I would have noticed any difference."
UIA-20260928-6D91,2026-09-28T04:04:53.054Z,2026-09-28T04:46:01.032Z,day,no,2,5,4,4,never,zann,yaqeen,1,yaqeen,yaqeen,0,zann,zann,0,yaqeen,zann,1,yaqeen,zann,1,yaqeen,wahm,3,zann,shak,1,zann,shak,1,shak,wahm,2,zann,zann,0,3,4,5,4,4,D,B,4,verify,5,4,ai tool confidentiality,the doubt of multiple answer
UIA-20260928-8848,2026-09-28T04:39:04.381Z,2026-09-28T04:53:19.873Z,day,no,5,3,5,4,never,zann,yaqeen,1,yaqeen,yaqeen,0,zann,zann,0,yaqeen,zann,1,yaqeen,zann,1,yaqeen,wahm,3,shak,shak,0,wahm,shak,2,zann,wahm,2,zann,zann,0,4,4,2,5,4,D,B,1,verify,5,5,doomscrolling question because it is the most relatable one,they always answer even without any certainty
UIA-20260928-8848,2026-09-28T04:39:04.381Z,2026-09-28T04:53:19.873Z,day,no,5,3,5,4,never,zann,yaqeen,1,yaqeen,yaqeen,0,zann,zann,0,yaqeen,zann,1,yaqeen,zann,1,yaqeen,wahm,3,shak,shak,0,wahm,shak,2,zann,wahm,2,zann,zann,0,4,4,2,5,4,D,B,1,verify,5,5,doomscrolling question because it is the most relatable one,they always answer even without any certainty
UIA-20260928-1E8F,2026-09-28T04:08:30.651Z,2026-09-28T05:20:09.072Z,week,once,5,3,4,5,one_two,yaqeen,yaqeen,0,zann,yaqeen,1,zann,zann,0,zann,zann,0,zann,zann,0,shak,wahm,2,shak,shak,0,yaqeen,shak,2,wahm,wahm,0,zann,zann,0,7,4,3,4,4,C,B,5,skip,4,5,One that talks about fatwa. Because I double checked it twice to ensure its certainty ,Incapability to answer a question.
UIA-20260928-1E8F,2026-09-28T04:08:30.651Z,2026-09-28T05:20:09.072Z,week,once,5,3,4,5,one_two,yaqeen,yaqeen,0,zann,yaqeen,1,zann,zann,0,zann,zann,0,zann,zann,0,shak,wahm,2,shak,shak,0,yaqeen,shak,2,wahm,wahm,0,zann,zann,0,7,4,3,4,4,C,B,5,skip,4,5,One that talks about fatwa. Because I double checked it twice to ensure its certainty ,Incapability to answer a question.
UIA-20260928-00EC,2026-09-28T06:24:54.270Z,2026-09-28T06:42:31.986Z,day,yes,4,4,5,5,never,yaqeen,yaqeen,0,zann,yaqeen,1,yaqeen,zann,1,yaqeen,zann,1,zann,zann,0,zann,wahm,2,shak,shak,0,shak,shak,0,zann,wahm,2,zann,zann,0,5,4,3,5,3,C,B,5,skip,5,5,all questions regarding citation from scholars or any authorities because the AI literally fabricated it which raises my concerns about what could possibly happen if muslims are too relied on AI’s responses.,They literally palatau when they didn’t know and most of it didn’t even admit that they don’t know.
UIA-20260928-7C0A,2026-09-28T13:32:02.832Z,2026-09-28T13:48:59.561Z,day,yes,5,3,5,4,one_two,zann,yaqeen,1,yaqeen,yaqeen,0,yaqeen,zann,1,zann,zann,0,yaqeen,zann,1,zann,wahm,2,zann,shak,1,shak,shak,0,wahm,wahm,0,wahm,zann,2,4,3,3,4,4,C,B,4,verify,4,5,the mukbang question about hadith of prophet because it is interesting to think about it since a lot youngsters love to watch mukbang videos and support the creators,it van generate ideas or answers that seems correct and confidential
UIA-20260928-7C0A,2026-09-28T13:32:02.832Z,2026-09-28T13:48:59.561Z,day,yes,5,3,5,4,one_two,zann,yaqeen,1,yaqeen,yaqeen,0,yaqeen,zann,1,zann,zann,0,yaqeen,zann,1,zann,wahm,2,zann,shak,1,shak,shak,0,wahm,wahm,0,wahm,zann,2,4,3,3,4,4,C,B,4,verify,4,5,the mukbang question about hadith of prophet because it is interesting to think about it since a lot youngsters love to watch mukbang videos and support the creators,it van generate ideas or answers that seems correct and confidential
UIA-20260928-27D7,2026-09-28T13:31:51.140Z,2026-09-28T13:49:20.877Z,day,yes,4,4,5,4,never,zann,yaqeen,1,zann,yaqeen,1,yaqeen,zann,1,zann,zann,0,wahm,zann,2,yaqeen,wahm,3,yaqeen,shak,2,shak,shak,0,zann,wahm,2,shak,zann,1,2,4,4,4,5,C,B,5,verify,5,5,"mukbang , confusing",AI can make a sentence that make it look intelligence and confident
UIA-20260928-7C0A,2026-09-28T13:32:02.832Z,2026-09-28T13:48:59.561Z,day,yes,5,3,5,4,one_two,zann,yaqeen,1,yaqeen,yaqeen,0,yaqeen,zann,1,zann,zann,0,yaqeen,zann,1,zann,wahm,2,zann,shak,1,shak,shak,0,wahm,wahm,0,wahm,zann,2,4,3,3,4,4,C,B,4,verify,4,5,the mukbang question about hadith of prophet because it is interesting to think about it since a lot youngsters love to watch mukbang videos and support the creators,it van generate ideas or answers that seems correct and confidential
UIA-20260928-2947,2026-09-28T15:31:49.723Z,2026-09-28T16:26:04.538Z,month,no,4,3,5,4,never,yaqeen,yaqeen,0,zann,yaqeen,1,zann,zann,0,yaqeen,zann,1,zann,zann,0,shak,wahm,2,yaqeen,shak,2,yaqeen,shak,2,zann,wahm,2,yaqeen,zann,1,3,3,3,5,2,C,B,5,skip,5,5,The question that talk about accessing Dr. Norhayati journal and research. It show that AI do not have the authority to gain access on specific journal.,"It can create its own fatwa and generate a very convincing elaboration and explain the fatwa as it is a real fatwa from Muslims scholar, and it is convincing enough to fool any mere reader, especially people with lack of Islamic knowledge."
UIA-20260928-2947,2026-09-28T15:31:49.723Z,2026-09-28T16:26:04.538Z,month,no,4,3,5,4,never,yaqeen,yaqeen,0,zann,yaqeen,1,zann,zann,0,yaqeen,zann,1,zann,zann,0,shak,wahm,2,yaqeen,shak,2,yaqeen,shak,2,zann,wahm,2,yaqeen,zann,1,3,3,3,5,2,C,B,5,skip,5,5,The question that talk about accessing Dr. Norhayati journal and research. It show that AI do not have the authority to gain access on specific journal.,"It can create its own fatwa and generate a very convincing elaboration and explain the fatwa as it is a real fatwa from Muslims scholar, and it is convincing enough to fool any mere reader, especially people with lack of Islamic knowledge."
UIA-20260928-2947,2026-09-28T15:31:49.723Z,2026-09-28T16:26:04.538Z,month,no,4,3,5,4,never,yaqeen,yaqeen,0,zann,yaqeen,1,zann,zann,0,yaqeen,zann,1,zann,zann,0,shak,wahm,2,yaqeen,shak,2,yaqeen,shak,2,zann,wahm,2,yaqeen,zann,1,3,3,3,5,2,C,B,5,skip,5,5,The question that talk about accessing Dr. Norhayati journal and research. It show that AI do not have the authority to gain access on specific journal.,"It can create its own fatwa and generate a very convincing elaboration and explain the fatwa as it is a real fatwa from Muslims scholar, and it is convincing enough to fool any mere reader, especially people with lack of Islamic knowledge."
UIA-20260928-2947,2026-09-28T15:31:49.723Z,2026-09-28T16:26:04.538Z,month,no,4,3,5,4,never,yaqeen,yaqeen,0,zann,yaqeen,1,zann,zann,0,yaqeen,zann,1,zann,zann,0,shak,wahm,2,yaqeen,shak,2,yaqeen,shak,2,zann,wahm,2,yaqeen,zann,1,3,3,3,5,2,C,B,5,skip,5,5,The question that talk about accessing Dr. Norhayati journal and research. It show that AI do not have the authority to gain access on specific journal.,"It can create its own fatwa and generate a very convincing elaboration and explain the fatwa as it is a real fatwa from Muslims scholar, and it is convincing enough to fool any mere reader, especially people with lack of Islamic knowledge."
UIA-20260928-1AC4,2026-09-28T03:39:17.275Z,2026-09-28T16:39:39.207Z,day,yes,4,4,4,4,all_four,yaqeen,yaqeen,0,yaqeen,yaqeen,0,yaqeen,zann,1,wahm,zann,2,wahm,zann,2,wahm,wahm,0,wahm,shak,2,wahm,shak,2,wahm,wahm,0,zann,zann,0,5,3,3,5,4,C,B,4,skip,5,5,The question about Ulek Mayang stayed with me the most because it made me think more deeply about how traditional cultural practices can affect our ʿaqīdah. It showed me the importance of understanding our culture while making sure our beliefs remain consistent with Islamic teachings.,"AI could give confident answers even when the information was uncertain or inaccurate. It made me realise that AI can be useful for exploring ideas, but its answers still need to be checked against reliable sources, especially for Islamic and Shariʿah-related topics."
UIA-20260929-5C5B,2026-09-29T03:09:45.272Z,2026-09-29T03:21:19.217Z,day,yes,4,4,4,5,can_explain,zann,yaqeen,1,zann,yaqeen,1,yaqeen,zann,1,zann,zann,0,yaqeen,zann,1,yaqeen,wahm,3,zann,shak,1,zann,shak,1,zann,wahm,2,yaqeen,zann,1,1,4,3,4,4,D,B,5,verify,4,4,Mukbang as it is considered norms by majority,It may gives you confident answer thpugh its accuracy may not reach the level of being authentic.
UIA-20260929-4167,2026-09-29T03:29:21.566Z,2026-09-29T03:38:53.635Z,week,yes,3,4,3,3,never,yaqeen,yaqeen,0,zann,yaqeen,1,yaqeen,zann,1,yaqeen,zann,1,zann,zann,0,zann,wahm,2,zann,shak,1,wahm,shak,2,shak,wahm,2,zann,zann,0,3,3,3,4,3,D,B,5,verify,3,3,No idea yet.,No idea yet.
UIA-20260929-07BB,2026-09-29T05:24:38.700Z,2026-09-29T05:42:10.340Z,month,yes,3,2,5,4,can_explain,yaqeen,yaqeen,0,yaqeen,yaqeen,0,yaqeen,zann,1,yaqeen,zann,1,yaqeen,zann,1,zann,wahm,2,shak,shak,0,shak,shak,0,wahm,wahm,0,yaqeen,zann,1,5,3,3,5,4,C,B,4,skip,4,4,Islam’s perspective on Mukbang,Fabricated their own source
UIA-20260929-2A49,2026-09-29T06:39:20.436Z,2026-09-29T06:42:02.213Z,day,yes,4,2,4,2,one_two,shak,yaqeen,2,shak,yaqeen,2,shak,zann,1,shak,zann,1,shak,zann,1,shak,wahm,2,wahm,shak,2,wahm,shak,2,wahm,wahm,0,wahm,zann,2,1,3,3,3,3,D,D,3,cite,3,3,none,random
UIA-20260929-53DD,2026-09-29T07:04:16.221Z,2026-09-29T07:25:08.677Z,week,yes,4,3,5,4,all_four,yaqeen,yaqeen,0,yaqeen,yaqeen,0,zann,zann,0,zann,zann,0,yaqeen,zann,1,shak,wahm,2,yaqeen,shak,2,shak,shak,0,wahm,wahm,0,wahm,zann,2,6,3,4,5,3,C,B,5,verify,4,5,plastic surgery as it gives me new information ,how the answers to the same prompt could be entirely different one time or another
UIA-20260929-E813,2026-09-29T10:00:25.294Z,2026-09-29T10:11:13.755Z,day,yes,5,4,5,5,never,yaqeen,yaqeen,0,shak,yaqeen,2,yaqeen,zann,1,yaqeen,zann,1,zann,zann,0,shak,wahm,2,shak,shak,0,shak,shak,0,wahm,wahm,0,shak,zann,1,5,4,5,5,3,A,B,4,verify,5,5,2,Same prompt but different answers
UIA-20260924-832E,2026-09-24T15:50:28.271Z,2026-09-29T11:52:30.798Z,day,yes,4,3,5,4,never,shak,yaqeen,2,zann,yaqeen,1,shak,zann,1,yaqeen,zann,1,shak,zann,1,yaqeen,wahm,3,zann,shak,1,yaqeen,shak,2,yaqeen,wahm,3,zann,zann,0,1,3,3,5,4,C,B,5,verify,5,5,"the fatwa, they can manipulate",the manipulative
UIA-20260929-B48F,2026-09-29T13:16:50.225Z,2026-09-29T13:24:07.574Z,month,yes,4,3,4,3,never,zann,yaqeen,1,zann,yaqeen,1,wahm,zann,2,zann,zann,0,zann,zann,0,zann,wahm,2,shak,shak,0,shak,shak,0,zann,wahm,2,shak,zann,1,4,3,3,3,3,C,B,3,verify,3,3,I can tell when AI answer is unreliable  ,"the wham,zann and others two"
UIA-20260928-E020,2026-09-28T04:03:37.881Z,2026-10-01T09:58:24.459Z,week,once,3,3,4,3,one_two,yaqeen,yaqeen,0,zann,yaqeen,1,zann,zann,0,yaqeen,zann,1,zann,zann,0,zann,wahm,2,shak,shak,0,shak,shak,0,wahm,wahm,0,wahm,zann,2,6,4,4,5,5,A,A,4,verify,5,4,The question that talk about Ulik Mayang.... It is because I certainly don't know the history about it and the 3 responses' statement give answer similarly... Soo I trust it all.,It can response the question but don't sure it is true or false
UIA-20260928-E020,2026-09-28T04:03:37.881Z,2026-10-01T09:58:24.459Z,week,once,3,3,4,3,one_two,yaqeen,yaqeen,0,zann,yaqeen,1,zann,zann,0,yaqeen,zann,1,zann,zann,0,zann,wahm,2,shak,shak,0,shak,shak,0,wahm,wahm,0,wahm,zann,2,6,4,4,5,5,A,A,4,verify,5,4,The question that talk about Ulik Mayang.... It is because I certainly don't know the history about it and the 3 responses' statement give answer similarly... Soo I trust it all.,It can response the question but don't sure it is true or false
UIA-20261002-0324,2026-10-02T10:50:11.116Z,2026-10-02T11:08:15.754Z,day,yes,3,4,5,3,never,wahm,yaqeen,3,wahm,yaqeen,3,shak,zann,1,yaqeen,zann,1,shak,zann,1,yaqeen,wahm,3,wahm,shak,2,zann,shak,1,wahm,wahm,0,zann,zann,0,2,4,4,5,4,B,A,5,verify,5,5,Tabarruj.. because it has same point but in different sentence,Not all AI company can be trust directly.. we must apply tabayyun before put it in our assignment 